<?xml version="1.0" encoding="UTF-8" standalone="yes"?>
<reportPackage>
    <dataLevel>offline</dataLevel>
    <files>
        <file contentKey="5OYBY2BNSRSDMAV5NSJUACGQ3STP4CLR" name="report" type="report">
            <links>
                <link href="/report.xml" method="GET" rel="content" type="application/vnd.sas.report.content" uri="/report.xml"/>
            </links>
        </file>
        <file contentKey="BALQNJSDHUN5ZUYWVMHB64JSR4NNY2AX" name="basems1.css" type="css">
            <links>
                <link href="/css/basems1.css" method="GET" rel="content" type="text/css" uri="/css/basems1.css"/>
            </links>
        </file>
        <file contentKey="LE5ABX27CDQEAQU2QR2OJMKYPXS7BM6B" name="highcontrast.css" type="css">
            <links>
                <link href="/css/highcontrast.css" method="GET" rel="content" type="text/css" uri="/css/highcontrast.css"/>
            </links>
        </file>
        <file contentKey="T3KV4XH4CRQTO6I3YHH5HE5KMT3LRENB" name="ms1.css" type="css">
            <links>
                <link href="/css/ms1.css" method="GET" rel="content" type="text/css" uri="/css/ms1.css"/>
            </links>
        </file>
        <file contentKey="IJQX4EZTQNZB6FK3FPMUI4CJXNPVPDZA" name="dd5593.csv" type="data">
            <links>
                <link href="/data/dd5593.csv" method="GET" rel="content" type="text/csv" uri="/data/dd5593.csv"/>
            </links>
        </file>
        <file contentKey="FSA5ZN6AHSEJZYGFFFTRSSJLNJL5OVHB" name="dd5593index.csv" type="data">
            <links>
                <link href="/data/dd5593index.csv" method="GET" rel="content" type="text/csv" uri="/data/dd5593index.csv"/>
            </links>
        </file>
        <file contentKey="QYTEY7SADQMOSWKTS27YVM3ON4GPHZ5W" name="dd8833.csv" type="data">
            <links>
                <link href="/data/dd8833.csv" method="GET" rel="content" type="text/csv" uri="/data/dd8833.csv"/>
            </links>
        </file>
        <file contentKey="ZFH757OWYJTLZARNIILVRWO3X6TO7BQO" name="dd8833index.csv" type="data">
            <links>
                <link href="/data/dd8833index.csv" method="GET" rel="content" type="text/csv" uri="/data/dd8833index.csv"/>
            </links>
        </file>
        <file contentKey="5VKAEQUZMBFSLUYZAN4DVS6RCTCHPYNV" name="dd1244.csv" type="data">
            <links>
                <link href="/data/dd1244.csv" method="GET" rel="content" type="text/csv" uri="/data/dd1244.csv"/>
            </links>
        </file>
        <file contentKey="RSXCBDIQPDUJ742VQ5VWJDR6M2DDVUD6" name="dd1244index.csv" type="data">
            <links>
                <link href="/data/dd1244index.csv" method="GET" rel="content" type="text/csv" uri="/data/dd1244index.csv"/>
            </links>
        </file>
        <file contentKey="JT27Z4VBB5JK3HIWMFFCBEOWXDNK57B3" name="dd8726.csv" type="data">
            <links>
                <link href="/data/dd8726.csv" method="GET" rel="content" type="text/csv" uri="/data/dd8726.csv"/>
            </links>
        </file>
        <file contentKey="A6M2QHQ7P3B2UWUPMJUQ5BIIYQNNCZUU" name="dd8726index.csv" type="data">
            <links>
                <link href="/data/dd8726index.csv" method="GET" rel="content" type="text/csv" uri="/data/dd8726index.csv"/>
            </links>
        </file>
        <file contentKey="ASXUZO6R5P2RIPECNNVHNOR3C3LMTFLL" name="dd5415.csv" type="data">
            <links>
                <link href="/data/dd5415.csv" method="GET" rel="content" type="text/csv" uri="/data/dd5415.csv"/>
            </links>
        </file>
        <file contentKey="A6M2QHQ7P3B2UWUPMJUQ5BIIYQNNCZUU" name="dd5415index.csv" type="data">
            <links>
                <link href="/data/dd5415index.csv" method="GET" rel="content" type="text/csv" uri="/data/dd5415index.csv"/>
            </links>
        </file>
        <file contentKey="VNIUJNIZTUSLXKZZMBJAZ7ZD7D7TFFJY" name="dd8731.csv" type="data">
            <links>
                <link href="/data/dd8731.csv" method="GET" rel="content" type="text/csv" uri="/data/dd8731.csv"/>
            </links>
        </file>
        <file contentKey="A6M2QHQ7P3B2UWUPMJUQ5BIIYQNNCZUU" name="dd8731index.csv" type="data">
            <links>
                <link href="/data/dd8731index.csv" method="GET" rel="content" type="text/csv" uri="/data/dd8731index.csv"/>
            </links>
        </file>
        <file contentKey="VBLT2O6ACJ2DDPYFHU4GHXBOOMSCYDGM" name="dd4004.csv" type="data">
            <links>
                <link href="/data/dd4004.csv" method="GET" rel="content" type="text/csv" uri="/data/dd4004.csv"/>
            </links>
        </file>
        <file contentKey="A6M2QHQ7P3B2UWUPMJUQ5BIIYQNNCZUU" name="dd4004index.csv" type="data">
            <links>
                <link href="/data/dd4004index.csv" method="GET" rel="content" type="text/csv" uri="/data/dd4004index.csv"/>
            </links>
        </file>
        <file contentKey="H2HIAJE7F66IUZYYR5WOQITW5JDPHTOX" name="dd8681.csv" type="data">
            <links>
                <link href="/data/dd8681.csv" method="GET" rel="content" type="text/csv" uri="/data/dd8681.csv"/>
            </links>
        </file>
        <file contentKey="3K4RQJ4TF2RDWUWPEGGWEODMXCLI7AII" name="dd8681index.csv" type="data">
            <links>
                <link href="/data/dd8681index.csv" method="GET" rel="content" type="text/csv" uri="/data/dd8681index.csv"/>
            </links>
        </file>
        <file contentKey="5N7SEZ7O346PKOZENUUVNSRNMU5J46C5" name="dd4759.csv" type="data">
            <links>
                <link href="/data/dd4759.csv" method="GET" rel="content" type="text/csv" uri="/data/dd4759.csv"/>
            </links>
        </file>
        <file contentKey="7M6HRG6NVYEVAS6KFEACM5DK2YM24DJV" name="dd4759index.csv" type="data">
            <links>
                <link href="/data/dd4759index.csv" method="GET" rel="content" type="text/csv" uri="/data/dd4759index.csv"/>
            </links>
        </file>
        <file contentKey="K72EW43SAXAWVT2U4B6LLTCQ3OVVWFZP" name="metadataSupplement" type="resource">
            <links>
                <link href="/metadataSupplement.xml" method="GET" rel="content" type="application/vnd.sas.report.metadata.supplement" uri="/metadataSupplement.xml"/>
            </links>
        </file>
        <file contentKey="IQALPX6DQRUBQQGVDNS6Y3YXSNZWGXWV" name="index.html" type="html">
            <links>
                <link href="/index.html" method="GET" rel="content" type="text/html" uri="/index.html"/>
            </links>
        </file>
        <file contentKey="DPRTUKVRUHWLICADK2SJRJPA5YNLM5XB" name="packageIndex.html" type="html">
            <links>
                <link href="/packageIndex.html" method="GET" rel="content" type="text/html" uri="/packageIndex.html"/>
            </links>
        </file>
        <file contentKey="2FIX6GXYQJIOF254YJAPOIP5NCV7SP2O" name="viyafonts.css" type="css">
            <links>
                <link href="/css/viyafonts.css" method="GET" rel="content" type="text/css" uri="/css/viyafonts.css"/>
            </links>
        </file>
        <file contentKey="Q4I6KQ5CXZYSWD2D6ZXUR6HSSNLBMMHQ" name="settings" type="resource">
            <links>
                <link href="/settings.json" method="GET" rel="content" type="application/vnd.sas.attributes" uri="/settings.json"/>
            </links>
        </file>
    </files>
    <formatLocale>en-US</formatLocale>
    <generatedTimeStamp>2022-06-02T14:55:57.823Z</generatedTimeStamp>
    <id>o_799ba8ff-51ca-4dd0-8fb6-25d2b0608e2e</id>
    <links>
        <link href="/reportPackages/packages/o_799ba8ff-51ca-4dd0-8fb6-25d2b0608e2e" method="GET" rel="self" type="application/vnd.sas.report.package" uri="/reportPackages/packages/o_799ba8ff-51ca-4dd0-8fb6-25d2b0608e2e"/>
        <link href="/reportData/results?reportContentKey=MEPCI53RHBOLJARHFQ75O74F3DNS6YUD&amp;reportUri=%2Freports%2Freports%2F4784def9-f788-4d29-91dc-1d75c980ac72&amp;reportDate=2022-06-02T14%3A55%3A57.823Z" method="POST" rel="requery" responseType="application/vnd.sas.report.results" type="application/vnd.sas.report.query.state" uri="/reportData/results?reportContentKey=MEPCI53RHBOLJARHFQ75O74F3DNS6YUD&amp;reportUri=%2Freports%2Freports%2F4784def9-f788-4d29-91dc-1d75c980ac72&amp;reportDate=2022-06-02T14%3A55%3A57.823Z"/>
        <link href="/reportData/jobs?reportContentKey=MEPCI53RHBOLJARHFQ75O74F3DNS6YUD&amp;reportUri=%2Freports%2Freports%2F4784def9-f788-4d29-91dc-1d75c980ac72&amp;reportDate=2022-06-02T14%3A55%3A57.823Z" method="POST" rel="requeryJob" responseType="application/vnd.sas.report.data.job" type="application/vnd.sas.report.query.state" uri="/reportData/jobs?reportContentKey=MEPCI53RHBOLJARHFQ75O74F3DNS6YUD&amp;reportUri=%2Freports%2Freports%2F4784def9-f788-4d29-91dc-1d75c980ac72&amp;reportDate=2022-06-02T14%3A55%3A57.823Z"/>
    </links>
    <locale>en-US</locale>
    <modifiedTimeStamp>2022-06-02T14:55:35.385Z</modifiedTimeStamp>
    <size>594124</size>
    <source>/reports/reports/4784def9-f788-4d29-91dc-1d75c980ac72</source>
    <version>25</version>
</reportPackage>
